ItemID,Image
1,tops/top1.jpeg
2,tops/top2.jpeg
3,tops/top3.jpg
4,tops/top4.jpeg
5,tops/top5.jpeg
6,tops/top6.jpeg
7,tops/top7.jpeg
8,tops/top8.jpeg
9,tops/top9.jpeg
10,tops/top10.jpeg
11,tops/top11.jpeg
12,tops/top12.jpeg
13,tops/top13.jpeg
14,tops/top14.jpeg
15,tops/top15.jpeg
16,tops/top16.jpeg
17,tops/top17.jpeg
18,tops/top18.jpg
19,tops/top19.jpeg
20,tops/top20.jpeg
21,tops/top21.jpg
22,tops/top22.jpg
23,tops/top23.jpg
24,tops/top24.jpg
25,tops/top25.jpg
26,tops/top26.jpg
27,tops/top27.jpg
28,tops/top28.jpg
29,tops/top29.jpg
30,tops/top30.jpg
31,tops/top31.jpg
32,tops/top32.jpg
33,tops/top33.jpg
34,tops/top34.jpg
35,tops/top35.jpg
36,tops/top36jpg
37,tops/top37.jpg
38,tops/top38.jpg
39,tops/top39.jpg
40,tops/top40.jpg
41,tops/top41.jpg
42,tops/top42.jpg
43,tops/top43.jpg
44,tops/top44.jpg
45,tops/top45.jpg
46,tops/top46.jpg
47,tops/top47.jpg
48,tops/top48.jpg
49,tops/top49.jpg
50,tops/top50.jpg
51,shoes/shoe1.jpg
52,shoes/shoe2.jpg
53,shoes/shoe3.jpg
54,shoes/shoe4.jpg
55,shoes/shoe5.jpg
56,shoes/shoe6.jpg
57,shoes/shoe7.jpg
58,shoes/shoe8.jpg
59,shoes/shoe9.jpg
60,shoes/shoe10.jpg
61,shoes/shoe11.jpg
62,shoes/shoe12.jpg
63,shoes/shoe13.jpg
64,shoes/shoe14.jpg
65,shoes/shoe15.jpg
66,shoes/shoe16.jpg
67,shoes/shoe17.jpg
68,shoes/shoe18.jpg
69,shoes/shoe19.jpg
70,shoes/shoe20.jpg
71,shoes/shoe21.jpg
72,shoes/shoe22.jpg
73,shoes/shoe23.jpg
74,shoes/shoe24.jpg
75,shoes/shoe25.jpg
76,shoes/shoe26.jpg
77,shoes/shoe27.jpg
78,shoes/shoe28.jpg
79,shoes/shoe29.jpg
80,shoes/shoe30.jpg
81,shoes/shoe31.jpg
82,shoes/shoe32.jpg
83,shoes/shoe33.jpg
84,shoes/shoe34.jpg
85,shoes/shoe35.jpg
86,shoes/shoe36.jpg
87,shoes/shoe37.jpg
88,shoes/shoe38.jpg
89,shoes/shoe39.jpg
90,shoes/shoe40.jpg
91,shoes/shoe41.jpg
92,shoes/shoe42.jpg
93,shoes/shoe43.jpg
94,shoes/shoe44.jpg
95,shoes/shoe45.jpg
96,shoes/shoe46.jpg
97,shoes/shoe47.jpg
98,shoes/shoe48.jpg
99,shoes/shoe49.jpg
100,shoes/shoe50.jpg
101,trousers/trousers1.jpg
102,trousers/trousers2.jpg
103,trousers/trousers3.jpg
104,trousers/trousers4.jpg
105,trousers/trousers5.jpg
106,trousers/trousers6.jpg
107,trousers/trousers7.jpg
108,trousers/trousers8.jpg
109,trousers/trousers9.jpg
110,trousers/trousers10.jpg
111,trousers/trousers11.jpg
112,trousers/trousers12.jpg
113,trousers/trousers13.jpg
114,trousers/trousers14.jpg
115,trousers/trousers15.jpg
116,skirts/skirt1.jpg
117,skirts/skirt2.jpg
118,skirts/skirt3.jpg
119,skirts/skirt4.jpg
120,skirts/skirt5.jpg
121,skirts/skirt6.jpg
122,skirts/skirt7.jpg
123,skirts/skirt8.jpg
124,skirts/skirt9.jpg
125,skirts/skirt10.jpg
126,skirts/skirt11.jpg
127,skirts/skirt12.jpg
128,skirts/skirt13.jpg
129,skirts/skirt14.jpg
130,skirts/skirt15.jpg
131,skirts/skirt16.jpg
132,skirts/skirt17.jpg
133,skirts/skirt18.jpg